Channel,Promo,Pass
Mail,Bundle,1
Mail,Bundle,1
Mail,Bundle,1
Mail,Bundle,1
Mail,Bundle,1
Mail,Bundle,1
Mail,Bundle,1
Mail,Bundle,1
Mail,Bundle,1
Mail,Bundle,1
Mail,Bundle,1
Mail,Bundle,1
Mail,Bundle,1
Mail,Bundle,1
Mail,Bundle,1
Mail,Bundle,1
Mail,Bundle,1
Mail,Bundle,1
Mail,Bundle,1
Mail,Bundle,1
Mail,Bundle,1
Mail,Bundle,1
Mail,Bundle,1
Mail,Bundle,1
Mail,Bundle,1
Mail,Bundle,1
Mail,Bundle,1
Mail,Bundle,1
Mail,Bundle,1
Mail,Bundle,1
Mail,Bundle,1
Mail,Bundle,1
Mail,Bundle,1
Mail,Bundle,1
Mail,Bundle,1
Mail,Bundle,1
Mail,Bundle,1
Mail,Bundle,1
Mail,Bundle,1
Mail,Bundle,1
Mail,Bundle,1
Mail,Bundle,1
Mail,Bundle,1
Mail,Bundle,1
Mail,Bundle,1
Mail,Bundle,1
Mail,Bundle,1
Mail,Bundle,1
Mail,Bundle,1
Mail,Bundle,1
Mail,Bundle,1
Mail,Bundle,1
Mail,Bundle,1
Mail,Bundle,1
Mail,Bundle,1
Mail,Bundle,1
Mail,Bundle,1
Mail,Bundle,1
Mail,Bundle,1
Mail,Bundle,1
Mail,Bundle,1
Mail,Bundle,1
Mail,Bundle,1
Mail,Bundle,1
Mail,Bundle,1
Mail,Bundle,1
Mail,Bundle,1
Mail,Bundle,1
Mail,Bundle,1
Mail,Bundle,1
Mail,Bundle,1
Mail,Bundle,1
Mail,Bundle,1
Mail,Bundle,1
Mail,Bundle,1
Mail,Bundle,1
Mail,Bundle,1
Mail,Bundle,1
Mail,Bundle,1
Mail,Bundle,1
Mail,Bundle,1
Mail,Bundle,1
Mail,Bundle,1
Mail,Bundle,1
Mail,Bundle,1
Mail,Bundle,1
Mail,Bundle,1
Mail,Bundle,1
Mail,Bundle,1
Mail,Bundle,1
Mail,Bundle,1
Mail,Bundle,1
Mail,Bundle,1
Mail,Bundle,1
Mail,Bundle,1
Mail,Bundle,1
Mail,Bundle,1
Mail,Bundle,1
Mail,Bundle,1
Mail,Bundle,1
Mail,Bundle,1
Mail,Bundle,1
Mail,Bundle,1
Mail,Bundle,1
Mail,Bundle,1
Mail,Bundle,1
Mail,Bundle,1
Mail,Bundle,1
Mail,Bundle,1
Mail,Bundle,1
Mail,Bundle,1
Mail,Bundle,1
Mail,Bundle,1
Mail,Bundle,1
Mail,Bundle,1
Mail,Bundle,1
Mail,Bundle,1
Mail,Bundle,1
Mail,Bundle,1
Mail,Bundle,1
Mail,Bundle,1
Mail,Bundle,1
Mail,Bundle,1
Mail,Bundle,1
Mail,Bundle,1
Mail,Bundle,1
Mail,Bundle,1
Mail,Bundle,1
Mail,Bundle,1
Mail,Bundle,1
Mail,Bundle,1
Mail,Bundle,1
Mail,Bundle,1
Mail,Bundle,1
Mail,Bundle,1
Mail,Bundle,1
Mail,Bundle,1
Mail,Bundle,1
Mail,Bundle,1
Mail,Bundle,1
Mail,Bundle,1
Mail,Bundle,1
Mail,Bundle,1
Mail,Bundle,1
Mail,Bundle,1
Mail,Bundle,1
Mail,Bundle,1
Mail,Bundle,1
Mail,Bundle,1
Mail,Bundle,1
Mail,Bundle,1
Mail,Bundle,1
Mail,Bundle,1
Mail,Bundle,1
Mail,Bundle,1
Mail,Bundle,1
Mail,Bundle,1
Mail,Bundle,1
Mail,Bundle,1
Mail,Bundle,1
Mail,Bundle,1
Mail,Bundle,1
Mail,Bundle,1
Mail,Bundle,1
Mail,Bundle,1
Mail,Bundle,1
Mail,Bundle,1
Mail,Bundle,1
Mail,Bundle,1
Mail,Bundle,1
Mail,Bundle,1
Mail,Bundle,1
Mail,Bundle,1
Mail,Bundle,1
Mail,Bundle,1
Mail,Bundle,1
Mail,Bundle,1
Mail,Bundle,1
Mail,Bundle,1
Mail,Bundle,1
Mail,Bundle,1
Mail,Bundle,1
Mail,Bundle,1
Mail,Bundle,1
Mail,Bundle,1
Mail,Bundle,1
Mail,Bundle,1
Mail,Bundle,1
Mail,Bundle,1
Mail,Bundle,1
Mail,Bundle,1
Mail,Bundle,1
Mail,Bundle,1
Mail,Bundle,1
Mail,Bundle,1
Mail,Bundle,1
Mail,Bundle,1
Mail,Bundle,1
Mail,Bundle,1
Mail,Bundle,1
Mail,Bundle,1
Mail,Bundle,1
Mail,Bundle,1
Mail,Bundle,1
Mail,Bundle,1
Mail,Bundle,1
Mail,Bundle,1
Mail,Bundle,1
Mail,Bundle,1
Mail,Bundle,1
Mail,Bundle,1
Mail,Bundle,1
Mail,Bundle,1
Mail,Bundle,1
Mail,Bundle,1
Mail,Bundle,1
Mail,Bundle,1
Mail,Bundle,1
Mail,Bundle,1
Mail,Bundle,1
Mail,Bundle,1
Mail,Bundle,1
Mail,Bundle,1
Mail,Bundle,1
Mail,Bundle,1
Mail,Bundle,1
Mail,Bundle,1
Mail,Bundle,1
Mail,Bundle,1
Mail,Bundle,1
Mail,Bundle,1
Mail,Bundle,1
Mail,Bundle,1
Mail,Bundle,1
Mail,Bundle,1
Mail,Bundle,1
Mail,Bundle,1
Mail,Bundle,1
Mail,Bundle,1
Mail,Bundle,1
Mail,Bundle,1
Mail,Bundle,1
Park,Bundle,1
Park,Bundle,1
Park,Bundle,1
Park,Bundle,1
Park,Bundle,1
Park,Bundle,1
Park,Bundle,1
Park,Bundle,1
Park,Bundle,1
Park,Bundle,1
Park,Bundle,1
Park,Bundle,1
Park,Bundle,1
Park,Bundle,1
Park,Bundle,1
Park,Bundle,1
Park,Bundle,1
Park,Bundle,1
Park,Bundle,1
Park,Bundle,1
Park,Bundle,1
Park,Bundle,1
Park,Bundle,1
Park,Bundle,1
Park,Bundle,1
Park,Bundle,1
Park,Bundle,1
Park,Bundle,1
Park,Bundle,1
Park,Bundle,1
Park,Bundle,1
Park,Bundle,1
Park,Bundle,1
Park,Bundle,1
Park,Bundle,1
Park,Bundle,1
Park,Bundle,1
Park,Bundle,1
Park,Bundle,1
Park,Bundle,1
Park,Bundle,1
Park,Bundle,1
Park,Bundle,1
Park,Bundle,1
Park,Bundle,1
Park,Bundle,1
Park,Bundle,1
Park,Bundle,1
Park,Bundle,1
Park,Bundle,1
Park,Bundle,1
Park,Bundle,1
Park,Bundle,1
Park,Bundle,1
Park,Bundle,1
Park,Bundle,1
Park,Bundle,1
Park,Bundle,1
Park,Bundle,1
Park,Bundle,1
Park,Bundle,1
Park,Bundle,1
Park,Bundle,1
Park,Bundle,1
Park,Bundle,1
Park,Bundle,1
Park,Bundle,1
Park,Bundle,1
Park,Bundle,1
Park,Bundle,1
Park,Bundle,1
Park,Bundle,1
Park,Bundle,1
Park,Bundle,1
Park,Bundle,1
Park,Bundle,1
Park,Bundle,1
Park,Bundle,1
Park,Bundle,1
Park,Bundle,1
Park,Bundle,1
Park,Bundle,1
Park,Bundle,1
Park,Bundle,1
Park,Bundle,1
Park,Bundle,1
Park,Bundle,1
Park,Bundle,1
Park,Bundle,1
Park,Bundle,1
Park,Bundle,1
Park,Bundle,1
Park,Bundle,1
Park,Bundle,1
Park,Bundle,1
Park,Bundle,1
Park,Bundle,1
Park,Bundle,1
Park,Bundle,1
Park,Bundle,1
Park,Bundle,1
Park,Bundle,1
Park,Bundle,1
Park,Bundle,1
Park,Bundle,1
Park,Bundle,1
Park,Bundle,1
Park,Bundle,1
Park,Bundle,1
Park,Bundle,1
Park,Bundle,1
Park,Bundle,1
Park,Bundle,1
Park,Bundle,1
Park,Bundle,1
Park,Bundle,1
Park,Bundle,1
Park,Bundle,1
Park,Bundle,1
Park,Bundle,1
Park,Bundle,1
Park,Bundle,1
Park,Bundle,1
Park,Bundle,1
Park,Bundle,1
Park,Bundle,1
Park,Bundle,1
Park,Bundle,1
Park,Bundle,1
Park,Bundle,1
Park,Bundle,1
Park,Bundle,1
Park,Bundle,1
Park,Bundle,1
Park,Bundle,1
Park,Bundle,1
Park,Bundle,1
Park,Bundle,1
Park,Bundle,1
Park,Bundle,1
Park,Bundle,1
Park,Bundle,1
Park,Bundle,1
Park,Bundle,1
Park,Bundle,1
Park,Bundle,1
Park,Bundle,1
Park,Bundle,1
Park,Bundle,1
Park,Bundle,1
Park,Bundle,1
Park,Bundle,1
Park,Bundle,1
Park,Bundle,1
Park,Bundle,1
Park,Bundle,1
Park,Bundle,1
Park,Bundle,1
Park,Bundle,1
Park,Bundle,1
Park,Bundle,1
Park,Bundle,1
Park,Bundle,1
Park,Bundle,1
Park,Bundle,1
Park,Bundle,1
Park,Bundle,1
Park,Bundle,1
Park,Bundle,1
Park,Bundle,1
Park,Bundle,1
Park,Bundle,1
Park,Bundle,1
Park,Bundle,1
Park,Bundle,1
Park,Bundle,1
Park,Bundle,1
Park,Bundle,1
Park,Bundle,1
Park,Bundle,1
Park,Bundle,1
Park,Bundle,1
Park,Bundle,1
Park,Bundle,1
Park,Bundle,1
Park,Bundle,1
Park,Bundle,1
Park,Bundle,1
Park,Bundle,1
Park,Bundle,1
Park,Bundle,1
Park,Bundle,1
Park,Bundle,1
Park,Bundle,1
Park,Bundle,1
Park,Bundle,1
Park,Bundle,1
Park,Bundle,1
Park,Bundle,1
Park,Bundle,1
Park,Bundle,1
Park,Bundle,1
Park,Bundle,1
Park,Bundle,1
Park,Bundle,1
Park,Bundle,1
Park,Bundle,1
Park,Bundle,1
Park,Bundle,1
Park,Bundle,1
Park,Bundle,1
Park,Bundle,1
Park,Bundle,1
Park,Bundle,1
Park,Bundle,1
Park,Bundle,1
Park,Bundle,1
Park,Bundle,1
Park,Bundle,1
Park,Bundle,1
Park,Bundle,1
Park,Bundle,1
Park,Bundle,1
Park,Bundle,1
Park,Bundle,1
Park,Bundle,1
Park,Bundle,1
Park,Bundle,1
Park,Bundle,1
Park,Bundle,1
Park,Bundle,1
Park,Bundle,1
Park,Bundle,1
Park,Bundle,1
Park,Bundle,1
Park,Bundle,1
Park,Bundle,1
Park,Bundle,1
Park,Bundle,1
Park,Bundle,1
Park,Bundle,1
Park,Bundle,1
Park,Bundle,1
Park,Bundle,1
Park,Bundle,1
Park,Bundle,1
Park,Bundle,1
Park,Bundle,1
Park,Bundle,1
Park,Bundle,1
Park,Bundle,1
Park,Bundle,1
Park,Bundle,1
Park,Bundle,1
Park,Bundle,1
Park,Bundle,1
Park,Bundle,1
Park,Bundle,1
Park,Bundle,1
Park,Bundle,1
Park,Bundle,1
Park,Bundle,1
Park,Bundle,1
Park,Bundle,1
Park,Bundle,1
Park,Bundle,1
Park,Bundle,1
Park,Bundle,1
Park,Bundle,1
Park,Bundle,1
Park,Bundle,1
Park,Bundle,1
Park,Bundle,1
Park,Bundle,1
Park,Bundle,1
Park,Bundle,1
Park,Bundle,1
Park,Bundle,1
Park,Bundle,1
Park,Bundle,1
Park,Bundle,1
Park,Bundle,1
Park,Bundle,1
Park,Bundle,1
Park,Bundle,1
Park,Bundle,1
Park,Bundle,1
Park,Bundle,1
Park,Bundle,1
Park,Bundle,1
Park,Bundle,1
Park,Bundle,1
Park,Bundle,1
Park,Bundle,1
Park,Bundle,1
Park,Bundle,1
Park,Bundle,1
Park,Bundle,1
Park,Bundle,1
Park,Bundle,1
Park,Bundle,1
Park,Bundle,1
Park,Bundle,1
Park,Bundle,1
Park,Bundle,1
Park,Bundle,1
Park,Bundle,1
Park,Bundle,1
Park,Bundle,1
Park,Bundle,1
Park,Bundle,1
Park,Bundle,1
Park,Bundle,1
Park,Bundle,1
Park,Bundle,1
Park,Bundle,1
Park,Bundle,1
Park,Bundle,1
Park,Bundle,1
Park,Bundle,1
Park,Bundle,1
Park,Bundle,1
Park,Bundle,1
Park,Bundle,1
Park,Bundle,1
Park,Bundle,1
Park,Bundle,1
Park,Bundle,1
Park,Bundle,1
Park,Bundle,1
Park,Bundle,1
Park,Bundle,1
Park,Bundle,1
Park,Bundle,1
Park,Bundle,1
Park,Bundle,1
Park,Bundle,1
Park,Bundle,1
Park,Bundle,1
Park,Bundle,1
Park,Bundle,1
Park,Bundle,1
Park,Bundle,1
Park,Bundle,1
Park,Bundle,1
Park,Bundle,1
Park,Bundle,1
Park,Bundle,1
Park,Bundle,1
Park,Bundle,1
Park,Bundle,1
Park,Bundle,1
Park,Bundle,1
Park,Bundle,1
Park,Bundle,1
Park,Bundle,1
Park,Bundle,1
Park,Bundle,1
Park,Bundle,1
Park,Bundle,1
Park,Bundle,1
Park,Bundle,1
Park,Bundle,1
Park,Bundle,1
Park,Bundle,1
Park,Bundle,1
Park,Bundle,1
Park,Bundle,1
Park,Bundle,1
Park,Bundle,1
Park,Bundle,1
Park,Bundle,1
Park,Bundle,1
Park,Bundle,1
Park,Bundle,1
Park,Bundle,1
Park,Bundle,1
Park,Bundle,1
Park,Bundle,1
Park,Bundle,1
Park,Bundle,1
Park,Bundle,1
Park,Bundle,1
Park,Bundle,1
Park,Bundle,1
Park,Bundle,1
Park,Bundle,1
Park,Bundle,1
Park,Bundle,1
Park,Bundle,1
Park,Bundle,1
Park,Bundle,1
Park,Bundle,1
Park,Bundle,1
Park,Bundle,1
Park,Bundle,1
Park,Bundle,1
Park,Bundle,1
Park,Bundle,1
Park,Bundle,1
Park,Bundle,1
Park,Bundle,1
Park,Bundle,1
Park,Bundle,1
Park,Bundle,1
Park,Bundle,1
Park,Bundle,1
Park,Bundle,1
Park,Bundle,1
Park,Bundle,1
Park,Bundle,1
Park,Bundle,1
Park,Bundle,1
Park,Bundle,1
Park,Bundle,1
Park,Bundle,1
Park,Bundle,1
Park,Bundle,1
Park,Bundle,1
Park,Bundle,1
Park,Bundle,1
Park,Bundle,1
Park,Bundle,1
Park,Bundle,1
Park,Bundle,1
Park,Bundle,1
Park,Bundle,1
Park,Bundle,1
Park,Bundle,1
Park,Bundle,1
Park,Bundle,1
Park,Bundle,1
Park,Bundle,1
Park,Bundle,1
Park,Bundle,1
Park,Bundle,1
Park,Bundle,1
Park,Bundle,1
Park,Bundle,1
Park,Bundle,1
Park,Bundle,1
Park,Bundle,1
Park,Bundle,1
Park,Bundle,1
Park,Bundle,1
Park,Bundle,1
Park,Bundle,1
Park,Bundle,1
Park,Bundle,1
Park,Bundle,1
Park,Bundle,1
Park,Bundle,1
Park,Bundle,1
Park,Bundle,1
Park,Bundle,1
Park,Bundle,1
Park,Bundle,1
Park,Bundle,1
Park,Bundle,1
Park,Bundle,1
Park,Bundle,1
Park,Bundle,1
Park,Bundle,1
Park,Bundle,1
Park,Bundle,1
Park,Bundle,1
Park,Bundle,1
Park,Bundle,1
Park,Bundle,1
Park,Bundle,1
Park,Bundle,1
Park,Bundle,1
Park,Bundle,1
Park,Bundle,1
Park,Bundle,1
Park,Bundle,1
Park,Bundle,1
Park,Bundle,1
Park,Bundle,1
Park,Bundle,1
Park,Bundle,1
Park,Bundle,1
Park,Bundle,1
Park,Bundle,1
Park,Bundle,1
Park,Bundle,1
Park,Bundle,1
Park,Bundle,1
Park,Bundle,1
Park,Bundle,1
Park,Bundle,1
Park,Bundle,1
Park,Bundle,1
Park,Bundle,1
Park,Bundle,1
Park,Bundle,1
Park,Bundle,1
Park,Bundle,1
Park,Bundle,1
Park,Bundle,1
Park,Bundle,1
Park,Bundle,1
Park,Bundle,1
Park,Bundle,1
Park,Bundle,1
Park,Bundle,1
Park,Bundle,1
Park,Bundle,1
Park,Bundle,1
Park,Bundle,1
Park,Bundle,1
Park,Bundle,1
Park,Bundle,1
Park,Bundle,1
Park,Bundle,1
Park,Bundle,1
Park,Bundle,1
Park,Bundle,1
Park,Bundle,1
Park,Bundle,1
Park,Bundle,1
Park,Bundle,1
Park,Bundle,1
Park,Bundle,1
Park,Bundle,1
Park,Bundle,1
Park,Bundle,1
Park,Bundle,1
Park,Bundle,1
Park,Bundle,1
Park,Bundle,1
Park,Bundle,1
Park,Bundle,1
Park,Bundle,1
Park,Bundle,1
Park,Bundle,1
Park,Bundle,1
Park,Bundle,1
Park,Bundle,1
Park,Bundle,1
Park,Bundle,1
Park,Bundle,1
Park,Bundle,1
Park,Bundle,1
Park,Bundle,1
Park,Bundle,1
Park,Bundle,1
Park,Bundle,1
Park,Bundle,1
Park,Bundle,1
Park,Bundle,1
Park,Bundle,1
Park,Bundle,1
Park,Bundle,1
Park,Bundle,1
Park,Bundle,1
Park,Bundle,1
Park,Bundle,1
Park,Bundle,1
Park,Bundle,1
Park,Bundle,1
Park,Bundle,1
Park,Bundle,1
Park,Bundle,1
Park,Bundle,1
Park,Bundle,1
Park,Bundle,1
Park,Bundle,1
Park,Bundle,1
Park,Bundle,1
Park,Bundle,1
Park,Bundle,1
Park,Bundle,1
Park,Bundle,1
Park,Bundle,1
Park,Bundle,1
Park,Bundle,1
Park,Bundle,1
Park,Bundle,1
Park,Bundle,1
Park,Bundle,1
Park,Bundle,1
Park,Bundle,1
Park,Bundle,1
Park,Bundle,1
Park,Bundle,1
Park,Bundle,1
Park,Bundle,1
Park,Bundle,1
Park,Bundle,1
Park,Bundle,1
Park,Bundle,1
Park,Bundle,1
Park,Bundle,1
Park,Bundle,1
Park,Bundle,1
Park,Bundle,1
Park,Bundle,1
Park,Bundle,1
Park,Bundle,1
Park,Bundle,1
Park,Bundle,1
Park,Bundle,1
Park,Bundle,1
Park,Bundle,1
Park,Bundle,1
Park,Bundle,1
Park,Bundle,1
Park,Bundle,1
Park,Bundle,1
Park,Bundle,1
Park,Bundle,1
Park,Bundle,1
Park,Bundle,1
Park,Bundle,1
Park,Bundle,1
Park,Bundle,1
Park,Bundle,1
Park,Bundle,1
Park,Bundle,1
Park,Bundle,1
Park,Bundle,1
Park,Bundle,1
Park,Bundle,1
Park,Bundle,1
Park,Bundle,1
Park,Bundle,1
Park,Bundle,1
Park,Bundle,1
Park,Bundle,1
Park,Bundle,1
Park,Bundle,1
Park,Bundle,1
Park,Bundle,1
Park,Bundle,1
Park,Bundle,1
Park,Bundle,1
Park,Bundle,1
Park,Bundle,1
Email,Bundle,1
Email,Bundle,1
Email,Bundle,1
Email,Bundle,1
Email,Bundle,1
Email,Bundle,1
Email,Bundle,1
Email,Bundle,1
Email,Bundle,1
Email,Bundle,1
Email,Bundle,1
Email,Bundle,1
Email,Bundle,1
Email,Bundle,1
Email,Bundle,1
Email,Bundle,1
Email,Bundle,1
Email,Bundle,1
Email,Bundle,1
Email,Bundle,1
Email,Bundle,1
Email,Bundle,1
Email,Bundle,1
Email,Bundle,1
Email,Bundle,1
Email,Bundle,1
Email,Bundle,1
Email,Bundle,1
Email,Bundle,1
Email,Bundle,1
Email,Bundle,1
Email,Bundle,1
Email,Bundle,1
Email,Bundle,1
Email,Bundle,1
Email,Bundle,1
Email,Bundle,1
Email,Bundle,1
Mail,NoBundle,1
Mail,NoBundle,1
Mail,NoBundle,1
Mail,NoBundle,1
Mail,NoBundle,1
Mail,NoBundle,1
Mail,NoBundle,1
Mail,NoBundle,1
Mail,NoBundle,1
Mail,NoBundle,1
Mail,NoBundle,1
Mail,NoBundle,1
Mail,NoBundle,1
Mail,NoBundle,1
Mail,NoBundle,1
Mail,NoBundle,1
Mail,NoBundle,1
Mail,NoBundle,1
Mail,NoBundle,1
Mail,NoBundle,1
Mail,NoBundle,1
Mail,NoBundle,1
Mail,NoBundle,1
Mail,NoBundle,1
Mail,NoBundle,1
Mail,NoBundle,1
Mail,NoBundle,1
Mail,NoBundle,1
Mail,NoBundle,1
Mail,NoBundle,1
Mail,NoBundle,1
Mail,NoBundle,1
Mail,NoBundle,1
Mail,NoBundle,1
Mail,NoBundle,1
Mail,NoBundle,1
Mail,NoBundle,1
Mail,NoBundle,1
Mail,NoBundle,1
Mail,NoBundle,1
Mail,NoBundle,1
Mail,NoBundle,1
Mail,NoBundle,1
Mail,NoBundle,1
Mail,NoBundle,1
Mail,NoBundle,1
Mail,NoBundle,1
Mail,NoBundle,1
Mail,NoBundle,1
Mail,NoBundle,1
Mail,NoBundle,1
Mail,NoBundle,1
Mail,NoBundle,1
Mail,NoBundle,1
Mail,NoBundle,1
Mail,NoBundle,1
Mail,NoBundle,1
Mail,NoBundle,1
Mail,NoBundle,1
Mail,NoBundle,1
Mail,NoBundle,1
Mail,NoBundle,1
Mail,NoBundle,1
Mail,NoBundle,1
Mail,NoBundle,1
Mail,NoBundle,1
Mail,NoBundle,1
Mail,NoBundle,1
Mail,NoBundle,1
Mail,NoBundle,1
Mail,NoBundle,1
Mail,NoBundle,1
Mail,NoBundle,1
Mail,NoBundle,1
Mail,NoBundle,1
Mail,NoBundle,1
Mail,NoBundle,1
Mail,NoBundle,1
Mail,NoBundle,1
Mail,NoBundle,1
Mail,NoBundle,1
Mail,NoBundle,1
Mail,NoBundle,1
Mail,NoBundle,1
Mail,NoBundle,1
Mail,NoBundle,1
Mail,NoBundle,1
Mail,NoBundle,1
Mail,NoBundle,1
Mail,NoBundle,1
Mail,NoBundle,1
Mail,NoBundle,1
Mail,NoBundle,1
Mail,NoBundle,1
Mail,NoBundle,1
Mail,NoBundle,1
Mail,NoBundle,1
Mail,NoBundle,1
Mail,NoBundle,1
Mail,NoBundle,1
Mail,NoBundle,1
Mail,NoBundle,1
Mail,NoBundle,1
Mail,NoBundle,1
Mail,NoBundle,1
Mail,NoBundle,1
Mail,NoBundle,1
Mail,NoBundle,1
Mail,NoBundle,1
Mail,NoBundle,1
Mail,NoBundle,1
Mail,NoBundle,1
Mail,NoBundle,1
Mail,NoBundle,1
Mail,NoBundle,1
Mail,NoBundle,1
Mail,NoBundle,1
Mail,NoBundle,1
Mail,NoBundle,1
Mail,NoBundle,1
Mail,NoBundle,1
Mail,NoBundle,1
Mail,NoBundle,1
Mail,NoBundle,1
Mail,NoBundle,1
Mail,NoBundle,1
Mail,NoBundle,1
Mail,NoBundle,1
Mail,NoBundle,1
Mail,NoBundle,1
Mail,NoBundle,1
Mail,NoBundle,1
Mail,NoBundle,1
Mail,NoBundle,1
Mail,NoBundle,1
Mail,NoBundle,1
Mail,NoBundle,1
Mail,NoBundle,1
Mail,NoBundle,1
Mail,NoBundle,1
Mail,NoBundle,1
Mail,NoBundle,1
Mail,NoBundle,1
Mail,NoBundle,1
Mail,NoBundle,1
Mail,NoBundle,1
Mail,NoBundle,1
Mail,NoBundle,1
Mail,NoBundle,1
Mail,NoBundle,1
Mail,NoBundle,1
Mail,NoBundle,1
Mail,NoBundle,1
Mail,NoBundle,1
Mail,NoBundle,1
Mail,NoBundle,1
Mail,NoBundle,1
Mail,NoBundle,1
Mail,NoBundle,1
Mail,NoBundle,1
Mail,NoBundle,1
Mail,NoBundle,1
Mail,NoBundle,1
Mail,NoBundle,1
Mail,NoBundle,1
Mail,NoBundle,1
Mail,NoBundle,1
Mail,NoBundle,1
Mail,NoBundle,1
Mail,NoBundle,1
Mail,NoBundle,1
Mail,NoBundle,1
Mail,NoBundle,1
Mail,NoBundle,1
Mail,NoBundle,1
Mail,NoBundle,1
Mail,NoBundle,1
Mail,NoBundle,1
Mail,NoBundle,1
Mail,NoBundle,1
Mail,NoBundle,1
Mail,NoBundle,1
Mail,NoBundle,1
Mail,NoBundle,1
Mail,NoBundle,1
Mail,NoBundle,1
Mail,NoBundle,1
Mail,NoBundle,1
Mail,NoBundle,1
Mail,NoBundle,1
Mail,NoBundle,1
Mail,NoBundle,1
Mail,NoBundle,1
Mail,NoBundle,1
Mail,NoBundle,1
Mail,NoBundle,1
Mail,NoBundle,1
Mail,NoBundle,1
Mail,NoBundle,1
Mail,NoBundle,1
Mail,NoBundle,1
Mail,NoBundle,1
Mail,NoBundle,1
Mail,NoBundle,1
Mail,NoBundle,1
Mail,NoBundle,1
Mail,NoBundle,1
Mail,NoBundle,1
Mail,NoBundle,1
Mail,NoBundle,1
Mail,NoBundle,1
Mail,NoBundle,1
Mail,NoBundle,1
Mail,NoBundle,1
Mail,NoBundle,1
Mail,NoBundle,1
Mail,NoBundle,1
Mail,NoBundle,1
Mail,NoBundle,1
Mail,NoBundle,1
Mail,NoBundle,1
Mail,NoBundle,1
Mail,NoBundle,1
Mail,NoBundle,1
Mail,NoBundle,1
Mail,NoBundle,1
Mail,NoBundle,1
Mail,NoBundle,1
Mail,NoBundle,1
Mail,NoBundle,1
Mail,NoBundle,1
Mail,NoBundle,1
Mail,NoBundle,1
Mail,NoBundle,1
Mail,NoBundle,1
Mail,NoBundle,1
Mail,NoBundle,1
Mail,NoBundle,1
Mail,NoBundle,1
Mail,NoBundle,1
Mail,NoBundle,1
Mail,NoBundle,1
Mail,NoBundle,1
Mail,NoBundle,1
Mail,NoBundle,1
Mail,NoBundle,1
Mail,NoBundle,1
Mail,NoBundle,1
Mail,NoBundle,1
Mail,NoBundle,1
Mail,NoBundle,1
Mail,NoBundle,1
Mail,NoBundle,1
Mail,NoBundle,1
Mail,NoBundle,1
Mail,NoBundle,1
Mail,NoBundle,1
Mail,NoBundle,1
Mail,NoBundle,1
Mail,NoBundle,1
Mail,NoBundle,1
Mail,NoBundle,1
Mail,NoBundle,1
Mail,NoBundle,1
Mail,NoBundle,1
Mail,NoBundle,1
Mail,NoBundle,1
Mail,NoBundle,1
Mail,NoBundle,1
Mail,NoBundle,1
Mail,NoBundle,1
Mail,NoBundle,1
Mail,NoBundle,1
Mail,NoBundle,1
Mail,NoBundle,1
Mail,NoBundle,1
Mail,NoBundle,1
Mail,NoBundle,1
Mail,NoBundle,1
Mail,NoBundle,1
Mail,NoBundle,1
Mail,NoBundle,1
Mail,NoBundle,1
Mail,NoBundle,1
Mail,NoBundle,1
Mail,NoBundle,1
Mail,NoBundle,1
Mail,NoBundle,1
Mail,NoBundle,1
Mail,NoBundle,1
Mail,NoBundle,1
Mail,NoBundle,1
Mail,NoBundle,1
Mail,NoBundle,1
Mail,NoBundle,1
Mail,NoBundle,1
Mail,NoBundle,1
Mail,NoBundle,1
Mail,NoBundle,1
Mail,NoBundle,1
Mail,NoBundle,1
Mail,NoBundle,1
Mail,NoBundle,1
Mail,NoBundle,1
Mail,NoBundle,1
Mail,NoBundle,1
Mail,NoBundle,1
Mail,NoBundle,1
Mail,NoBundle,1
Mail,NoBundle,1
Mail,NoBundle,1
Mail,NoBundle,1
Mail,NoBundle,1
Mail,NoBundle,1
Mail,NoBundle,1
Mail,NoBundle,1
Mail,NoBundle,1
Mail,NoBundle,1
Mail,NoBundle,1
Mail,NoBundle,1
Mail,NoBundle,1
Mail,NoBundle,1
Mail,NoBundle,1
Mail,NoBundle,1
Mail,NoBundle,1
Mail,NoBundle,1
Mail,NoBundle,1
Mail,NoBundle,1
Mail,NoBundle,1
Mail,NoBundle,1
Mail,NoBundle,1
Mail,NoBundle,1
Mail,NoBundle,1
Mail,NoBundle,1
Mail,NoBundle,1
Mail,NoBundle,1
Mail,NoBundle,1
Mail,NoBundle,1
Mail,NoBundle,1
Mail,NoBundle,1
Mail,NoBundle,1
Mail,NoBundle,1
Mail,NoBundle,1
Mail,NoBundle,1
Mail,NoBundle,1
Mail,NoBundle,1
Mail,NoBundle,1
Mail,NoBundle,1
Mail,NoBundle,1
Mail,NoBundle,1
Mail,NoBundle,1
Mail,NoBundle,1
Mail,NoBundle,1
Mail,NoBundle,1
Mail,NoBundle,1
Mail,NoBundle,1
Mail,NoBundle,1
Mail,NoBundle,1
Mail,NoBundle,1
Park,NoBundle,1
Park,NoBundle,1
Park,NoBundle,1
Park,NoBundle,1
Park,NoBundle,1
Park,NoBundle,1
Park,NoBundle,1
Park,NoBundle,1
Park,NoBundle,1
Park,NoBundle,1
Park,NoBundle,1
Park,NoBundle,1
Park,NoBundle,1
Park,NoBundle,1
Park,NoBundle,1
Park,NoBundle,1
Park,NoBundle,1
Park,NoBundle,1
Park,NoBundle,1
Park,NoBundle,1
Park,NoBundle,1
Park,NoBundle,1
Park,NoBundle,1
Park,NoBundle,1
Park,NoBundle,1
Park,NoBundle,1
Park,NoBundle,1
Park,NoBundle,1
Park,NoBundle,1
Park,NoBundle,1
Park,NoBundle,1
Park,NoBundle,1
Park,NoBundle,1
Park,NoBundle,1
Park,NoBundle,1
Park,NoBundle,1
Park,NoBundle,1
Park,NoBundle,1
Park,NoBundle,1
Park,NoBundle,1
Park,NoBundle,1
Park,NoBundle,1
Park,NoBundle,1
Park,NoBundle,1
Park,NoBundle,1
Park,NoBundle,1
Park,NoBundle,1
Park,NoBundle,1
Park,NoBundle,1
Park,NoBundle,1
Park,NoBundle,1
Park,NoBundle,1
Park,NoBundle,1
Park,NoBundle,1
Park,NoBundle,1
Park,NoBundle,1
Park,NoBundle,1
Park,NoBundle,1
Park,NoBundle,1
Park,NoBundle,1
Park,NoBundle,1
Park,NoBundle,1
Park,NoBundle,1
Park,NoBundle,1
Park,NoBundle,1
Park,NoBundle,1
Park,NoBundle,1
Park,NoBundle,1
Park,NoBundle,1
Park,NoBundle,1
Park,NoBundle,1
Park,NoBundle,1
Park,NoBundle,1
Park,NoBundle,1
Park,NoBundle,1
Park,NoBundle,1
Park,NoBundle,1
Park,NoBundle,1
Park,NoBundle,1
Park,NoBundle,1
Park,NoBundle,1
Park,NoBundle,1
Park,NoBundle,1
Park,NoBundle,1
Park,NoBundle,1
Park,NoBundle,1
Park,NoBundle,1
Park,NoBundle,1
Park,NoBundle,1
Park,NoBundle,1
Park,NoBundle,1
Park,NoBundle,1
Park,NoBundle,1
Park,NoBundle,1
Park,NoBundle,1
Park,NoBundle,1
Park,NoBundle,1
Park,NoBundle,1
Park,NoBundle,1
Park,NoBundle,1
Park,NoBundle,1
Park,NoBundle,1
Park,NoBundle,1
Park,NoBundle,1
Park,NoBundle,1
Park,NoBundle,1
Park,NoBundle,1
Park,NoBundle,1
Park,NoBundle,1
Park,NoBundle,1
Park,NoBundle,1
Park,NoBundle,1
Park,NoBundle,1
Park,NoBundle,1
Park,NoBundle,1
Park,NoBundle,1
Park,NoBundle,1
Park,NoBundle,1
Park,NoBundle,1
Park,NoBundle,1
Park,NoBundle,1
Park,NoBundle,1
Park,NoBundle,1
Park,NoBundle,1
Park,NoBundle,1
Park,NoBundle,1
Park,NoBundle,1
Park,NoBundle,1
Park,NoBundle,1
Park,NoBundle,1
Park,NoBundle,1
Park,NoBundle,1
Park,NoBundle,1
Park,NoBundle,1
Park,NoBundle,1
Park,NoBundle,1
Park,NoBundle,1
Park,NoBundle,1
Park,NoBundle,1
Park,NoBundle,1
Park,NoBundle,1
Park,NoBundle,1
Park,NoBundle,1
Park,NoBundle,1
Park,NoBundle,1
Park,NoBundle,1
Park,NoBundle,1
Park,NoBundle,1
Park,NoBundle,1
Park,NoBundle,1
Park,NoBundle,1
Park,NoBundle,1
Park,NoBundle,1
Park,NoBundle,1
Park,NoBundle,1
Park,NoBundle,1
Park,NoBundle,1
Park,NoBundle,1
Park,NoBundle,1
Park,NoBundle,1
Park,NoBundle,1
Park,NoBundle,1
Park,NoBundle,1
Park,NoBundle,1
Park,NoBundle,1
Park,NoBundle,1
Park,NoBundle,1
Park,NoBundle,1
Park,NoBundle,1
Park,NoBundle,1
Park,NoBundle,1
Park,NoBundle,1
Park,NoBundle,1
Park,NoBundle,1
Park,NoBundle,1
Park,NoBundle,1
Park,NoBundle,1
Park,NoBundle,1
Park,NoBundle,1
Park,NoBundle,1
Park,NoBundle,1
Park,NoBundle,1
Park,NoBundle,1
Park,NoBundle,1
Park,NoBundle,1
Park,NoBundle,1
Park,NoBundle,1
Park,NoBundle,1
Park,NoBundle,1
Park,NoBundle,1
Park,NoBundle,1
Park,NoBundle,1
Park,NoBundle,1
Park,NoBundle,1
Park,NoBundle,1
Park,NoBundle,1
Park,NoBundle,1
Park,NoBundle,1
Park,NoBundle,1
Park,NoBundle,1
Park,NoBundle,1
Park,NoBundle,1
Park,NoBundle,1
Park,NoBundle,1
Park,NoBundle,1
Park,NoBundle,1
Park,NoBundle,1
Park,NoBundle,1
Park,NoBundle,1
Park,NoBundle,1
Park,NoBundle,1
Park,NoBundle,1
Park,NoBundle,1
Park,NoBundle,1
Park,NoBundle,1
Park,NoBundle,1
Park,NoBundle,1
Park,NoBundle,1
Park,NoBundle,1
Park,NoBundle,1
Park,NoBundle,1
Park,NoBundle,1
Park,NoBundle,1
Park,NoBundle,1
Park,NoBundle,1
Park,NoBundle,1
Park,NoBundle,1
Park,NoBundle,1
Park,NoBundle,1
Park,NoBundle,1
Park,NoBundle,1
Park,NoBundle,1
Park,NoBundle,1
Park,NoBundle,1
Park,NoBundle,1
Park,NoBundle,1
Park,NoBundle,1
Park,NoBundle,1
Park,NoBundle,1
Park,NoBundle,1
Park,NoBundle,1
Park,NoBundle,1
Park,NoBundle,1
Park,NoBundle,1
Park,NoBundle,1
Park,NoBundle,1
Park,NoBundle,1
Park,NoBundle,1
Park,NoBundle,1
Park,NoBundle,1
Park,NoBundle,1
Park,NoBundle,1
Park,NoBundle,1
Park,NoBundle,1
Park,NoBundle,1
Park,NoBundle,1
Park,NoBundle,1
Park,NoBundle,1
Park,NoBundle,1
Park,NoBundle,1
Park,NoBundle,1
Park,NoBundle,1
Park,NoBundle,1
Park,NoBundle,1
Park,NoBundle,1
Park,NoBundle,1
Park,NoBundle,1
Park,NoBundle,1
Park,NoBundle,1
Park,NoBundle,1
Park,NoBundle,1
Park,NoBundle,1
Park,NoBundle,1
Park,NoBundle,1
Park,NoBundle,1
Park,NoBundle,1
Park,NoBundle,1
Park,NoBundle,1
Park,NoBundle,1
Park,NoBundle,1
Park,NoBundle,1
Park,NoBundle,1
Park,NoBundle,1
Park,NoBundle,1
Email,NoBundle,1
Email,NoBundle,1
Email,NoBundle,1
Email,NoBundle,1
Email,NoBundle,1
Email,NoBundle,1
Email,NoBundle,1
Email,NoBundle,1
Email,NoBundle,1
Email,NoBundle,1
Email,NoBundle,1
Email,NoBundle,1
Email,NoBundle,1
Email,NoBundle,1
Email,NoBundle,1
Email,NoBundle,1
Email,NoBundle,1
Email,NoBundle,1
Email,NoBundle,1
Email,NoBundle,1
Email,NoBundle,1
Email,NoBundle,1
Email,NoBundle,1
Email,NoBundle,1
Email,NoBundle,1
Email,NoBundle,1
Email,NoBundle,1
Mail,Bundle,0
Mail,Bundle,0
Mail,Bundle,0
Mail,Bundle,0
Mail,Bundle,0
Mail,Bundle,0
Mail,Bundle,0
Mail,Bundle,0
Mail,Bundle,0
Mail,Bundle,0
Mail,Bundle,0
Mail,Bundle,0
Mail,Bundle,0
Mail,Bundle,0
Mail,Bundle,0
Mail,Bundle,0
Mail,Bundle,0
Mail,Bundle,0
Mail,Bundle,0
Mail,Bundle,0
Mail,Bundle,0
Mail,Bundle,0
Mail,Bundle,0
Mail,Bundle,0
Mail,Bundle,0
Mail,Bundle,0
Mail,Bundle,0
Mail,Bundle,0
Mail,Bundle,0
Mail,Bundle,0
Mail,Bundle,0
Mail,Bundle,0
Mail,Bundle,0
Mail,Bundle,0
Mail,Bundle,0
Mail,Bundle,0
Mail,Bundle,0
Mail,Bundle,0
Mail,Bundle,0
Mail,Bundle,0
Mail,Bundle,0
Mail,Bundle,0
Mail,Bundle,0
Mail,Bundle,0
Mail,Bundle,0
Mail,Bundle,0
Mail,Bundle,0
Mail,Bundle,0
Mail,Bundle,0
Mail,Bundle,0
Mail,Bundle,0
Mail,Bundle,0
Mail,Bundle,0
Mail,Bundle,0
Mail,Bundle,0
Mail,Bundle,0
Mail,Bundle,0
Mail,Bundle,0
Mail,Bundle,0
Mail,Bundle,0
Mail,Bundle,0
Mail,Bundle,0
Mail,Bundle,0
Mail,Bundle,0
Mail,Bundle,0
Mail,Bundle,0
Mail,Bundle,0
Mail,Bundle,0
Mail,Bundle,0
Mail,Bundle,0
Mail,Bundle,0
Mail,Bundle,0
Mail,Bundle,0
Mail,Bundle,0
Mail,Bundle,0
Mail,Bundle,0
Mail,Bundle,0
Mail,Bundle,0
Mail,Bundle,0
Mail,Bundle,0
Mail,Bundle,0
Mail,Bundle,0
Mail,Bundle,0
Mail,Bundle,0
Mail,Bundle,0
Mail,Bundle,0
Mail,Bundle,0
Mail,Bundle,0
Mail,Bundle,0
Mail,Bundle,0
Mail,Bundle,0
Mail,Bundle,0
Mail,Bundle,0
Mail,Bundle,0
Mail,Bundle,0
Mail,Bundle,0
Mail,Bundle,0
Mail,Bundle,0
Mail,Bundle,0
Mail,Bundle,0
Mail,Bundle,0
Mail,Bundle,0
Mail,Bundle,0
Mail,Bundle,0
Mail,Bundle,0
Mail,Bundle,0
Mail,Bundle,0
Mail,Bundle,0
Mail,Bundle,0
Mail,Bundle,0
Mail,Bundle,0
Mail,Bundle,0
Mail,Bundle,0
Mail,Bundle,0
Mail,Bundle,0
Mail,Bundle,0
Mail,Bundle,0
Mail,Bundle,0
Mail,Bundle,0
Mail,Bundle,0
Mail,Bundle,0
Mail,Bundle,0
Mail,Bundle,0
Mail,Bundle,0
Mail,Bundle,0
Mail,Bundle,0
Mail,Bundle,0
Mail,Bundle,0
Mail,Bundle,0
Mail,Bundle,0
Mail,Bundle,0
Mail,Bundle,0
Mail,Bundle,0
Mail,Bundle,0
Mail,Bundle,0
Mail,Bundle,0
Mail,Bundle,0
Mail,Bundle,0
Mail,Bundle,0
Mail,Bundle,0
Mail,Bundle,0
Mail,Bundle,0
Mail,Bundle,0
Mail,Bundle,0
Mail,Bundle,0
Mail,Bundle,0
Mail,Bundle,0
Mail,Bundle,0
Mail,Bundle,0
Mail,Bundle,0
Mail,Bundle,0
Mail,Bundle,0
Mail,Bundle,0
Mail,Bundle,0
Mail,Bundle,0
Mail,Bundle,0
Mail,Bundle,0
Mail,Bundle,0
Mail,Bundle,0
Mail,Bundle,0
Mail,Bundle,0
Mail,Bundle,0
Mail,Bundle,0
Mail,Bundle,0
Mail,Bundle,0
Mail,Bundle,0
Mail,Bundle,0
Mail,Bundle,0
Mail,Bundle,0
Mail,Bundle,0
Mail,Bundle,0
Mail,Bundle,0
Mail,Bundle,0
Mail,Bundle,0
Mail,Bundle,0
Mail,Bundle,0
Mail,Bundle,0
Mail,Bundle,0
Mail,Bundle,0
Mail,Bundle,0
Mail,Bundle,0
Mail,Bundle,0
Mail,Bundle,0
Mail,Bundle,0
Mail,Bundle,0
Mail,Bundle,0
Mail,Bundle,0
Mail,Bundle,0
Mail,Bundle,0
Mail,Bundle,0
Mail,Bundle,0
Mail,Bundle,0
Mail,Bundle,0
Mail,Bundle,0
Mail,Bundle,0
Mail,Bundle,0
Mail,Bundle,0
Mail,Bundle,0
Mail,Bundle,0
Mail,Bundle,0
Mail,Bundle,0
Mail,Bundle,0
Mail,Bundle,0
Mail,Bundle,0
Mail,Bundle,0
Mail,Bundle,0
Mail,Bundle,0
Mail,Bundle,0
Mail,Bundle,0
Mail,Bundle,0
Mail,Bundle,0
Mail,Bundle,0
Mail,Bundle,0
Mail,Bundle,0
Mail,Bundle,0
Mail,Bundle,0
Mail,Bundle,0
Mail,Bundle,0
Mail,Bundle,0
Mail,Bundle,0
Mail,Bundle,0
Mail,Bundle,0
Mail,Bundle,0
Mail,Bundle,0
Mail,Bundle,0
Mail,Bundle,0
Mail,Bundle,0
Mail,Bundle,0
Mail,Bundle,0
Mail,Bundle,0
Mail,Bundle,0
Mail,Bundle,0
Mail,Bundle,0
Mail,Bundle,0
Mail,Bundle,0
Mail,Bundle,0
Mail,Bundle,0
Mail,Bundle,0
Mail,Bundle,0
Mail,Bundle,0
Mail,Bundle,0
Mail,Bundle,0
Mail,Bundle,0
Mail,Bundle,0
Mail,Bundle,0
Mail,Bundle,0
Mail,Bundle,0
Mail,Bundle,0
Mail,Bundle,0
Mail,Bundle,0
Mail,Bundle,0
Mail,Bundle,0
Mail,Bundle,0
Mail,Bundle,0
Mail,Bundle,0
Mail,Bundle,0
Mail,Bundle,0
Mail,Bundle,0
Mail,Bundle,0
Mail,Bundle,0
Mail,Bundle,0
Mail,Bundle,0
Mail,Bundle,0
Mail,Bundle,0
Mail,Bundle,0
Mail,Bundle,0
Mail,Bundle,0
Mail,Bundle,0
Mail,Bundle,0
Mail,Bundle,0
Mail,Bundle,0
Mail,Bundle,0
Mail,Bundle,0
Mail,Bundle,0
Mail,Bundle,0
Mail,Bundle,0
Mail,Bundle,0
Mail,Bundle,0
Mail,Bundle,0
Mail,Bundle,0
Mail,Bundle,0
Mail,Bundle,0
Mail,Bundle,0
Mail,Bundle,0
Mail,Bundle,0
Mail,Bundle,0
Mail,Bundle,0
Mail,Bundle,0
Mail,Bundle,0
Mail,Bundle,0
Mail,Bundle,0
Mail,Bundle,0
Mail,Bundle,0
Mail,Bundle,0
Mail,Bundle,0
Mail,Bundle,0
Mail,Bundle,0
Mail,Bundle,0
Mail,Bundle,0
Mail,Bundle,0
Mail,Bundle,0
Mail,Bundle,0
Mail,Bundle,0
Mail,Bundle,0
Mail,Bundle,0
Mail,Bundle,0
Mail,Bundle,0
Mail,Bundle,0
Mail,Bundle,0
Mail,Bundle,0
Mail,Bundle,0
Mail,Bundle,0
Mail,Bundle,0
Mail,Bundle,0
Mail,Bundle,0
Mail,Bundle,0
Mail,Bundle,0
Mail,Bundle,0
Mail,Bundle,0
Mail,Bundle,0
Mail,Bundle,0
Mail,Bundle,0
Mail,Bundle,0
Mail,Bundle,0
Mail,Bundle,0
Mail,Bundle,0
Mail,Bundle,0
Mail,Bundle,0
Mail,Bundle,0
Mail,Bundle,0
Mail,Bundle,0
Mail,Bundle,0
Mail,Bundle,0
Mail,Bundle,0
Mail,Bundle,0
Mail,Bundle,0
Mail,Bundle,0
Mail,Bundle,0
Mail,Bundle,0
Mail,Bundle,0
Mail,Bundle,0
Mail,Bundle,0
Mail,Bundle,0
Mail,Bundle,0
Mail,Bundle,0
Mail,Bundle,0
Mail,Bundle,0
Mail,Bundle,0
Mail,Bundle,0
Mail,Bundle,0
Mail,Bundle,0
Mail,Bundle,0
Mail,Bundle,0
Mail,Bundle,0
Mail,Bundle,0
Mail,Bundle,0
Mail,Bundle,0
Mail,Bundle,0
Mail,Bundle,0
Mail,Bundle,0
Mail,Bundle,0
Mail,Bundle,0
Mail,Bundle,0
Mail,Bundle,0
Mail,Bundle,0
Mail,Bundle,0
Mail,Bundle,0
Mail,Bundle,0
Mail,Bundle,0
Mail,Bundle,0
Mail,Bundle,0
Mail,Bundle,0
Mail,Bundle,0
Mail,Bundle,0
Mail,Bundle,0
Mail,Bundle,0
Mail,Bundle,0
Mail,Bundle,0
Mail,Bundle,0
Mail,Bundle,0
Mail,Bundle,0
Mail,Bundle,0
Mail,Bundle,0
Mail,Bundle,0
Mail,Bundle,0
Mail,Bundle,0
Mail,Bundle,0
Mail,Bundle,0
Mail,Bundle,0
Mail,Bundle,0
Mail,Bundle,0
Mail,Bundle,0
Mail,Bundle,0
Mail,Bundle,0
Mail,Bundle,0
Mail,Bundle,0
Mail,Bundle,0
Mail,Bundle,0
Mail,Bundle,0
Mail,Bundle,0
Mail,Bundle,0
Mail,Bundle,0
Mail,Bundle,0
Mail,Bundle,0
Mail,Bundle,0
Mail,Bundle,0
Mail,Bundle,0
Mail,Bundle,0
Mail,Bundle,0
Mail,Bundle,0
Mail,Bundle,0
Mail,Bundle,0
Mail,Bundle,0
Mail,Bundle,0
Mail,Bundle,0
Mail,Bundle,0
Mail,Bundle,0
Mail,Bundle,0
Mail,Bundle,0
Mail,Bundle,0
Mail,Bundle,0
Mail,Bundle,0
Mail,Bundle,0
Mail,Bundle,0
Mail,Bundle,0
Mail,Bundle,0
Mail,Bundle,0
Mail,Bundle,0
Mail,Bundle,0
Mail,Bundle,0
Mail,Bundle,0
Mail,Bundle,0
Mail,Bundle,0
Mail,Bundle,0
Mail,Bundle,0
Mail,Bundle,0
Mail,Bundle,0
Mail,Bundle,0
Mail,Bundle,0
Mail,Bundle,0
Mail,Bundle,0
Mail,Bundle,0
Mail,Bundle,0
Mail,Bundle,0
Mail,Bundle,0
Mail,Bundle,0
Mail,Bundle,0
Mail,Bundle,0
Mail,Bundle,0
Park,Bundle,0
Park,Bundle,0
Park,Bundle,0
Park,Bundle,0
Park,Bundle,0
Park,Bundle,0
Park,Bundle,0
Park,Bundle,0
Park,Bundle,0
Park,Bundle,0
Park,Bundle,0
Park,Bundle,0
Park,Bundle,0
Park,Bundle,0
Park,Bundle,0
Park,Bundle,0
Park,Bundle,0
Park,Bundle,0
Park,Bundle,0
Park,Bundle,0
Park,Bundle,0
Park,Bundle,0
Park,Bundle,0
Park,Bundle,0
Park,Bundle,0
Park,Bundle,0
Park,Bundle,0
Park,Bundle,0
Park,Bundle,0
Park,Bundle,0
Park,Bundle,0
Park,Bundle,0
Park,Bundle,0
Park,Bundle,0
Park,Bundle,0
Park,Bundle,0
Park,Bundle,0
Park,Bundle,0
Park,Bundle,0
Park,Bundle,0
Park,Bundle,0
Park,Bundle,0
Park,Bundle,0
Park,Bundle,0
Park,Bundle,0
Park,Bundle,0
Park,Bundle,0
Park,Bundle,0
Park,Bundle,0
Park,Bundle,0
Park,Bundle,0
Park,Bundle,0
Park,Bundle,0
Park,Bundle,0
Park,Bundle,0
Park,Bundle,0
Park,Bundle,0
Park,Bundle,0
Park,Bundle,0
Park,Bundle,0
Park,Bundle,0
Park,Bundle,0
Park,Bundle,0
Park,Bundle,0
Park,Bundle,0
Park,Bundle,0
Park,Bundle,0
Park,Bundle,0
Park,Bundle,0
Park,Bundle,0
Park,Bundle,0
Park,Bundle,0
Park,Bundle,0
Park,Bundle,0
Park,Bundle,0
Park,Bundle,0
Park,Bundle,0
Park,Bundle,0
Park,Bundle,0
Park,Bundle,0
Park,Bundle,0
Park,Bundle,0
Park,Bundle,0
Park,Bundle,0
Park,Bundle,0
Park,Bundle,0
Park,Bundle,0
Park,Bundle,0
Park,Bundle,0
Park,Bundle,0
Park,Bundle,0
Park,Bundle,0
Park,Bundle,0
Park,Bundle,0
Park,Bundle,0
Park,Bundle,0
Park,Bundle,0
Park,Bundle,0
Park,Bundle,0
Park,Bundle,0
Park,Bundle,0
Park,Bundle,0
Park,Bundle,0
Park,Bundle,0
Park,Bundle,0
Park,Bundle,0
Park,Bundle,0
Park,Bundle,0
Park,Bundle,0
Park,Bundle,0
Park,Bundle,0
Park,Bundle,0
Park,Bundle,0
Park,Bundle,0
Park,Bundle,0
Park,Bundle,0
Park,Bundle,0
Park,Bundle,0
Park,Bundle,0
Park,Bundle,0
Park,Bundle,0
Park,Bundle,0
Park,Bundle,0
Park,Bundle,0
Park,Bundle,0
Park,Bundle,0
Park,Bundle,0
Park,Bundle,0
Park,Bundle,0
Park,Bundle,0
Park,Bundle,0
Park,Bundle,0
Park,Bundle,0
Park,Bundle,0
Park,Bundle,0
Park,Bundle,0
Park,Bundle,0
Park,Bundle,0
Park,Bundle,0
Park,Bundle,0
Park,Bundle,0
Park,Bundle,0
Park,Bundle,0
Park,Bundle,0
Park,Bundle,0
Park,Bundle,0
Park,Bundle,0
Park,Bundle,0
Park,Bundle,0
Park,Bundle,0
Park,Bundle,0
Park,Bundle,0
Park,Bundle,0
Park,Bundle,0
Park,Bundle,0
Park,Bundle,0
Park,Bundle,0
Park,Bundle,0
Park,Bundle,0
Park,Bundle,0
Park,Bundle,0
Park,Bundle,0
Park,Bundle,0
Park,Bundle,0
Park,Bundle,0
Park,Bundle,0
Park,Bundle,0
Park,Bundle,0
Park,Bundle,0
Park,Bundle,0
Park,Bundle,0
Park,Bundle,0
Park,Bundle,0
Park,Bundle,0
Park,Bundle,0
Park,Bundle,0
Park,Bundle,0
Park,Bundle,0
Park,Bundle,0
Park,Bundle,0
Park,Bundle,0
Park,Bundle,0
Park,Bundle,0
Park,Bundle,0
Park,Bundle,0
Park,Bundle,0
Park,Bundle,0
Park,Bundle,0
Park,Bundle,0
Park,Bundle,0
Park,Bundle,0
Park,Bundle,0
Park,Bundle,0
Park,Bundle,0
Park,Bundle,0
Park,Bundle,0
Park,Bundle,0
Park,Bundle,0
Park,Bundle,0
Park,Bundle,0
Park,Bundle,0
Park,Bundle,0
Park,Bundle,0
Park,Bundle,0
Park,Bundle,0
Park,Bundle,0
Park,Bundle,0
Park,Bundle,0
Park,Bundle,0
Park,Bundle,0
Park,Bundle,0
Park,Bundle,0
Park,Bundle,0
Park,Bundle,0
Park,Bundle,0
Park,Bundle,0
Park,Bundle,0
Park,Bundle,0
Park,Bundle,0
Park,Bundle,0
Park,Bundle,0
Park,Bundle,0
Park,Bundle,0
Email,Bundle,0
Email,Bundle,0
Email,Bundle,0
Email,Bundle,0
Email,Bundle,0
Email,Bundle,0
Email,Bundle,0
Email,Bundle,0
Email,Bundle,0
Email,Bundle,0
Email,Bundle,0
Email,Bundle,0
Email,Bundle,0
Email,Bundle,0
Email,Bundle,0
Email,Bundle,0
Email,Bundle,0
Email,Bundle,0
Email,Bundle,0
Email,Bundle,0
Email,Bundle,0
Email,Bundle,0
Email,Bundle,0
Email,Bundle,0
Email,Bundle,0
Email,Bundle,0
Email,Bundle,0
Email,Bundle,0
Email,Bundle,0
Email,Bundle,0
Email,Bundle,0
Email,Bundle,0
Email,Bundle,0
Email,Bundle,0
Email,Bundle,0
Email,Bundle,0
Email,Bundle,0
Email,Bundle,0
Email,Bundle,0
Email,Bundle,0
Email,Bundle,0
Email,Bundle,0
Email,Bundle,0
Email,Bundle,0
Email,Bundle,0
Email,Bundle,0
Email,Bundle,0
Email,Bundle,0
Email,Bundle,0
Email,Bundle,0
Email,Bundle,0
Email,Bundle,0
Email,Bundle,0
Email,Bundle,0
Email,Bundle,0
Email,Bundle,0
Email,Bundle,0
Email,Bundle,0
Email,Bundle,0
Email,Bundle,0
Email,Bundle,0
Email,Bundle,0
Email,Bundle,0
Email,Bundle,0
Email,Bundle,0
Email,Bundle,0
Email,Bundle,0
Email,Bundle,0
Email,Bundle,0
Email,Bundle,0
Email,Bundle,0
Email,Bundle,0
Email,Bundle,0
Email,Bundle,0
Email,Bundle,0
Email,Bundle,0
Email,Bundle,0
Email,Bundle,0
Email,Bundle,0
Email,Bundle,0
Email,Bundle,0
Email,Bundle,0
Email,Bundle,0
Mail,NoBundle,0
Mail,NoBundle,0
Mail,NoBundle,0
Mail,NoBundle,0
Mail,NoBundle,0
Mail,NoBundle,0
Mail,NoBundle,0
Mail,NoBundle,0
Mail,NoBundle,0
Mail,NoBundle,0
Mail,NoBundle,0
Mail,NoBundle,0
Mail,NoBundle,0
Mail,NoBundle,0
Mail,NoBundle,0
Mail,NoBundle,0
Mail,NoBundle,0
Mail,NoBundle,0
Mail,NoBundle,0
Mail,NoBundle,0
Mail,NoBundle,0
Mail,NoBundle,0
Mail,NoBundle,0
Mail,NoBundle,0
Mail,NoBundle,0
Mail,NoBundle,0
Mail,NoBundle,0
Mail,NoBundle,0
Mail,NoBundle,0
Mail,NoBundle,0
Mail,NoBundle,0
Mail,NoBundle,0
Mail,NoBundle,0
Mail,NoBundle,0
Mail,NoBundle,0
Mail,NoBundle,0
Mail,NoBundle,0
Mail,NoBundle,0
Mail,NoBundle,0
Mail,NoBundle,0
Mail,NoBundle,0
Mail,NoBundle,0
Mail,NoBundle,0
Mail,NoBundle,0
Mail,NoBundle,0
Mail,NoBundle,0
Mail,NoBundle,0
Mail,NoBundle,0
Mail,NoBundle,0
Mail,NoBundle,0
Mail,NoBundle,0
Mail,NoBundle,0
Mail,NoBundle,0
Mail,NoBundle,0
Mail,NoBundle,0
Mail,NoBundle,0
Mail,NoBundle,0
Mail,NoBundle,0
Mail,NoBundle,0
Mail,NoBundle,0
Mail,NoBundle,0
Mail,NoBundle,0
Mail,NoBundle,0
Mail,NoBundle,0
Mail,NoBundle,0
Mail,NoBundle,0
Mail,NoBundle,0
Mail,NoBundle,0
Mail,NoBundle,0
Mail,NoBundle,0
Mail,NoBundle,0
Mail,NoBundle,0
Mail,NoBundle,0
Mail,NoBundle,0
Mail,NoBundle,0
Mail,NoBundle,0
Mail,NoBundle,0
Mail,NoBundle,0
Mail,NoBundle,0
Mail,NoBundle,0
Mail,NoBundle,0
Mail,NoBundle,0
Mail,NoBundle,0
Mail,NoBundle,0
Mail,NoBundle,0
Mail,NoBundle,0
Mail,NoBundle,0
Mail,NoBundle,0
Mail,NoBundle,0
Mail,NoBundle,0
Mail,NoBundle,0
Mail,NoBundle,0
Mail,NoBundle,0
Mail,NoBundle,0
Mail,NoBundle,0
Mail,NoBundle,0
Mail,NoBundle,0
Mail,NoBundle,0
Mail,NoBundle,0
Mail,NoBundle,0
Mail,NoBundle,0
Mail,NoBundle,0
Mail,NoBundle,0
Mail,NoBundle,0
Mail,NoBundle,0
Mail,NoBundle,0
Mail,NoBundle,0
Mail,NoBundle,0
Mail,NoBundle,0
Mail,NoBundle,0
Mail,NoBundle,0
Mail,NoBundle,0
Mail,NoBundle,0
Mail,NoBundle,0
Mail,NoBundle,0
Mail,NoBundle,0
Mail,NoBundle,0
Mail,NoBundle,0
Mail,NoBundle,0
Mail,NoBundle,0
Mail,NoBundle,0
Mail,NoBundle,0
Mail,NoBundle,0
Mail,NoBundle,0
Mail,NoBundle,0
Mail,NoBundle,0
Mail,NoBundle,0
Mail,NoBundle,0
Mail,NoBundle,0
Mail,NoBundle,0
Mail,NoBundle,0
Mail,NoBundle,0
Mail,NoBundle,0
Mail,NoBundle,0
Mail,NoBundle,0
Mail,NoBundle,0
Mail,NoBundle,0
Mail,NoBundle,0
Mail,NoBundle,0
Mail,NoBundle,0
Mail,NoBundle,0
Mail,NoBundle,0
Mail,NoBundle,0
Mail,NoBundle,0
Mail,NoBundle,0
Mail,NoBundle,0
Mail,NoBundle,0
Mail,NoBundle,0
Mail,NoBundle,0
Mail,NoBundle,0
Mail,NoBundle,0
Mail,NoBundle,0
Mail,NoBundle,0
Mail,NoBundle,0
Mail,NoBundle,0
Mail,NoBundle,0
Mail,NoBundle,0
Mail,NoBundle,0
Mail,NoBundle,0
Mail,NoBundle,0
Mail,NoBundle,0
Mail,NoBundle,0
Mail,NoBundle,0
Mail,NoBundle,0
Mail,NoBundle,0
Mail,NoBundle,0
Mail,NoBundle,0
Mail,NoBundle,0
Mail,NoBundle,0
Mail,NoBundle,0
Mail,NoBundle,0
Mail,NoBundle,0
Mail,NoBundle,0
Mail,NoBundle,0
Mail,NoBundle,0
Mail,NoBundle,0
Mail,NoBundle,0
Mail,NoBundle,0
Mail,NoBundle,0
Mail,NoBundle,0
Mail,NoBundle,0
Mail,NoBundle,0
Mail,NoBundle,0
Mail,NoBundle,0
Mail,NoBundle,0
Mail,NoBundle,0
Mail,NoBundle,0
Mail,NoBundle,0
Mail,NoBundle,0
Mail,NoBundle,0
Mail,NoBundle,0
Mail,NoBundle,0
Mail,NoBundle,0
Mail,NoBundle,0
Mail,NoBundle,0
Mail,NoBundle,0
Mail,NoBundle,0
Mail,NoBundle,0
Mail,NoBundle,0
Mail,NoBundle,0
Mail,NoBundle,0
Mail,NoBundle,0
Mail,NoBundle,0
Mail,NoBundle,0
Mail,NoBundle,0
Mail,NoBundle,0
Mail,NoBundle,0
Mail,NoBundle,0
Mail,NoBundle,0
Mail,NoBundle,0
Mail,NoBundle,0
Mail,NoBundle,0
Mail,NoBundle,0
Mail,NoBundle,0
Mail,NoBundle,0
Mail,NoBundle,0
Mail,NoBundle,0
Mail,NoBundle,0
Mail,NoBundle,0
Mail,NoBundle,0
Mail,NoBundle,0
Mail,NoBundle,0
Mail,NoBundle,0
Mail,NoBundle,0
Mail,NoBundle,0
Mail,NoBundle,0
Mail,NoBundle,0
Mail,NoBundle,0
Mail,NoBundle,0
Mail,NoBundle,0
Mail,NoBundle,0
Mail,NoBundle,0
Mail,NoBundle,0
Mail,NoBundle,0
Mail,NoBundle,0
Mail,NoBundle,0
Mail,NoBundle,0
Mail,NoBundle,0
Mail,NoBundle,0
Mail,NoBundle,0
Mail,NoBundle,0
Mail,NoBundle,0
Mail,NoBundle,0
Mail,NoBundle,0
Mail,NoBundle,0
Mail,NoBundle,0
Mail,NoBundle,0
Mail,NoBundle,0
Mail,NoBundle,0
Mail,NoBundle,0
Mail,NoBundle,0
Mail,NoBundle,0
Mail,NoBundle,0
Mail,NoBundle,0
Mail,NoBundle,0
Mail,NoBundle,0
Mail,NoBundle,0
Mail,NoBundle,0
Mail,NoBundle,0
Mail,NoBundle,0
Mail,NoBundle,0
Mail,NoBundle,0
Mail,NoBundle,0
Mail,NoBundle,0
Mail,NoBundle,0
Mail,NoBundle,0
Mail,NoBundle,0
Mail,NoBundle,0
Mail,NoBundle,0
Mail,NoBundle,0
Mail,NoBundle,0
Mail,NoBundle,0
Mail,NoBundle,0
Mail,NoBundle,0
Mail,NoBundle,0
Mail,NoBundle,0
Mail,NoBundle,0
Mail,NoBundle,0
Park,NoBundle,0
Park,NoBundle,0
Park,NoBundle,0
Park,NoBundle,0
Park,NoBundle,0
Park,NoBundle,0
Park,NoBundle,0
Park,NoBundle,0
Park,NoBundle,0
Park,NoBundle,0
Park,NoBundle,0
Park,NoBundle,0
Park,NoBundle,0
Park,NoBundle,0
Park,NoBundle,0
Park,NoBundle,0
Park,NoBundle,0
Park,NoBundle,0
Park,NoBundle,0
Park,NoBundle,0
Park,NoBundle,0
Park,NoBundle,0
Park,NoBundle,0
Park,NoBundle,0
Park,NoBundle,0
Park,NoBundle,0
Park,NoBundle,0
Park,NoBundle,0
Park,NoBundle,0
Park,NoBundle,0
Park,NoBundle,0
Park,NoBundle,0
Park,NoBundle,0
Park,NoBundle,0
Park,NoBundle,0
Park,NoBundle,0
Park,NoBundle,0
Park,NoBundle,0
Park,NoBundle,0
Park,NoBundle,0
Park,NoBundle,0
Park,NoBundle,0
Park,NoBundle,0
Park,NoBundle,0
Park,NoBundle,0
Park,NoBundle,0
Park,NoBundle,0
Park,NoBundle,0
Park,NoBundle,0
Email,NoBundle,0
Email,NoBundle,0
Email,NoBundle,0
Email,NoBundle,0
Email,NoBundle,0
Email,NoBundle,0
Email,NoBundle,0
Email,NoBundle,0
Email,NoBundle,0
Email,NoBundle,0
Email,NoBundle,0
Email,NoBundle,0
Email,NoBundle,0
Email,NoBundle,0
Email,NoBundle,0
Email,NoBundle,0
Email,NoBundle,0
Email,NoBundle,0
Email,NoBundle,0
Email,NoBundle,0
Email,NoBundle,0
Email,NoBundle,0
Email,NoBundle,0
Email,NoBundle,0
Email,NoBundle,0
Email,NoBundle,0
Email,NoBundle,0
Email,NoBundle,0
Email,NoBundle,0
Email,NoBundle,0
Email,NoBundle,0
Email,NoBundle,0
Email,NoBundle,0
Email,NoBundle,0
Email,NoBundle,0
Email,NoBundle,0
Email,NoBundle,0
Email,NoBundle,0
Email,NoBundle,0
Email,NoBundle,0
Email,NoBundle,0
Email,NoBundle,0
Email,NoBundle,0
Email,NoBundle,0
Email,NoBundle,0
Email,NoBundle,0
Email,NoBundle,0
Email,NoBundle,0
Email,NoBundle,0
Email,NoBundle,0
Email,NoBundle,0
Email,NoBundle,0
Email,NoBundle,0
Email,NoBundle,0
Email,NoBundle,0
Email,NoBundle,0
Email,NoBundle,0
Email,NoBundle,0
Email,NoBundle,0
Email,NoBundle,0
Email,NoBundle,0
Email,NoBundle,0
Email,NoBundle,0
Email,NoBundle,0
Email,NoBundle,0
Email,NoBundle,0
Email,NoBundle,0
Email,NoBundle,0
Email,NoBundle,0
Email,NoBundle,0
Email,NoBundle,0
Email,NoBundle,0
Email,NoBundle,0
Email,NoBundle,0
Email,NoBundle,0
Email,NoBundle,0
Email,NoBundle,0
Email,NoBundle,0
Email,NoBundle,0
Email,NoBundle,0
Email,NoBundle,0
Email,NoBundle,0
Email,NoBundle,0
Email,NoBundle,0
Email,NoBundle,0
Email,NoBundle,0
Email,NoBundle,0
Email,NoBundle,0
Email,NoBundle,0
Email,NoBundle,0
Email,NoBundle,0
Email,NoBundle,0
Email,NoBundle,0
Email,NoBundle,0
Email,NoBundle,0
Email,NoBundle,0
Email,NoBundle,0
Email,NoBundle,0
Email,NoBundle,0
Email,NoBundle,0
Email,NoBundle,0
Email,NoBundle,0
Email,NoBundle,0
Email,NoBundle,0
Email,NoBundle,0
Email,NoBundle,0
Email,NoBundle,0
Email,NoBundle,0
Email,NoBundle,0
Email,NoBundle,0
Email,NoBundle,0
Email,NoBundle,0
Email,NoBundle,0
Email,NoBundle,0
Email,NoBundle,0
Email,NoBundle,0
Email,NoBundle,0
Email,NoBundle,0
Email,NoBundle,0
Email,NoBundle,0
Email,NoBundle,0
Email,NoBundle,0
Email,NoBundle,0
Email,NoBundle,0
Email,NoBundle,0
Email,NoBundle,0
Email,NoBundle,0
Email,NoBundle,0
Email,NoBundle,0
Email,NoBundle,0
Email,NoBundle,0
Email,NoBundle,0
Email,NoBundle,0
Email,NoBundle,0
Email,NoBundle,0
Email,NoBundle,0
Email,NoBundle,0
Email,NoBundle,0
Email,NoBundle,0
Email,NoBundle,0
Email,NoBundle,0
Email,NoBundle,0
Email,NoBundle,0
Email,NoBundle,0
Email,NoBundle,0
Email,NoBundle,0
Email,NoBundle,0
Email,NoBundle,0
Email,NoBundle,0
Email,NoBundle,0
Email,NoBundle,0
Email,NoBundle,0
Email,NoBundle,0
Email,NoBundle,0
Email,NoBundle,0
Email,NoBundle,0
Email,NoBundle,0
Email,NoBundle,0
Email,NoBundle,0
Email,NoBundle,0
Email,NoBundle,0
Email,NoBundle,0
Email,NoBundle,0
Email,NoBundle,0
Email,NoBundle,0
Email,NoBundle,0
Email,NoBundle,0
Email,NoBundle,0
Email,NoBundle,0
Email,NoBundle,0
Email,NoBundle,0
Email,NoBundle,0
Email,NoBundle,0
Email,NoBundle,0
Email,NoBundle,0
Email,NoBundle,0
Email,NoBundle,0
Email,NoBundle,0
Email,NoBundle,0
Email,NoBundle,0
Email,NoBundle,0
Email,NoBundle,0
Email,NoBundle,0
Email,NoBundle,0
Email,NoBundle,0
Email,NoBundle,0
Email,NoBundle,0
Email,NoBundle,0
Email,NoBundle,0
Email,NoBundle,0
Email,NoBundle,0
Email,NoBundle,0
Email,NoBundle,0
Email,NoBundle,0
Email,NoBundle,0
Email,NoBundle,0
Email,NoBundle,0
Email,NoBundle,0
Email,NoBundle,0
Email,NoBundle,0
Email,NoBundle,0
Email,NoBundle,0
Email,NoBundle,0
Email,NoBundle,0
Email,NoBundle,0
Email,NoBundle,0
Email,NoBundle,0
Email,NoBundle,0
Email,NoBundle,0
Email,NoBundle,0
Email,NoBundle,0
Email,NoBundle,0
Email,NoBundle,0
Email,NoBundle,0
Email,NoBundle,0
Email,NoBundle,0
Email,NoBundle,0
Email,NoBundle,0
Email,NoBundle,0
Email,NoBundle,0
Email,NoBundle,0
Email,NoBundle,0
Email,NoBundle,0
Email,NoBundle,0
Email,NoBundle,0
Email,NoBundle,0
Email,NoBundle,0
Email,NoBundle,0
Email,NoBundle,0
Email,NoBundle,0
Email,NoBundle,0
Email,NoBundle,0
Email,NoBundle,0
Email,NoBundle,0
Email,NoBundle,0
Email,NoBundle,0
Email,NoBundle,0
Email,NoBundle,0
Email,NoBundle,0
Email,NoBundle,0
Email,NoBundle,0
Email,NoBundle,0
Email,NoBundle,0
Email,NoBundle,0
Email,NoBundle,0
Email,NoBundle,0
Email,NoBundle,0
Email,NoBundle,0
Email,NoBundle,0
Email,NoBundle,0
Email,NoBundle,0
Email,NoBundle,0
Email,NoBundle,0
Email,NoBundle,0
Email,NoBundle,0
Email,NoBundle,0
Email,NoBundle,0
Email,NoBundle,0
Email,NoBundle,0
Email,NoBundle,0
Email,NoBundle,0
Email,NoBundle,0
Email,NoBundle,0
Email,NoBundle,0
Email,NoBundle,0
Email,NoBundle,0
Email,NoBundle,0
Email,NoBundle,0
Email,NoBundle,0
Email,NoBundle,0
Email,NoBundle,0
Email,NoBundle,0
Email,NoBundle,0
Email,NoBundle,0
Email,NoBundle,0
Email,NoBundle,0
Email,NoBundle,0
Email,NoBundle,0
Email,NoBundle,0
Email,NoBundle,0
Email,NoBundle,0
Email,NoBundle,0
Email,NoBundle,0
Email,NoBundle,0
Email,NoBundle,0
Email,NoBundle,0
Email,NoBundle,0
Email,NoBundle,0
Email,NoBundle,0
Email,NoBundle,0
Email,NoBundle,0
Email,NoBundle,0
Email,NoBundle,0
Email,NoBundle,0
Email,NoBundle,0
Email,NoBundle,0
Email,NoBundle,0
Email,NoBundle,0
Email,NoBundle,0
Email,NoBundle,0
Email,NoBundle,0
Email,NoBundle,0
Email,NoBundle,0
Email,NoBundle,0
Email,NoBundle,0
Email,NoBundle,0
Email,NoBundle,0
Email,NoBundle,0
Email,NoBundle,0
Email,NoBundle,0
Email,NoBundle,0
Email,NoBundle,0
Email,NoBundle,0
Email,NoBundle,0
Email,NoBundle,0
Email,NoBundle,0
Email,NoBundle,0
Email,NoBundle,0
Email,NoBundle,0
Email,NoBundle,0
Email,NoBundle,0
Email,NoBundle,0
Email,NoBundle,0
Email,NoBundle,0
Email,NoBundle,0
Email,NoBundle,0
Email,NoBundle,0
Email,NoBundle,0
Email,NoBundle,0
Email,NoBundle,0
Email,NoBundle,0
Email,NoBundle,0
Email,NoBundle,0
Email,NoBundle,0
Email,NoBundle,0
Email,NoBundle,0
Email,NoBundle,0
Email,NoBundle,0
Email,NoBundle,0
Email,NoBundle,0
Email,NoBundle,0
Email,NoBundle,0
Email,NoBundle,0
Email,NoBundle,0
Email,NoBundle,0
Email,NoBundle,0
Email,NoBundle,0
Email,NoBundle,0
Email,NoBundle,0
Email,NoBundle,0
Email,NoBundle,0
Email,NoBundle,0
Email,NoBundle,0
Email,NoBundle,0
Email,NoBundle,0
Email,NoBundle,0
Email,NoBundle,0
Email,NoBundle,0
Email,NoBundle,0
Email,NoBundle,0
Email,NoBundle,0
Email,NoBundle,0
Email,NoBundle,0
Email,NoBundle,0
Email,NoBundle,0
Email,NoBundle,0
Email,NoBundle,0
Email,NoBundle,0
Email,NoBundle,0
Email,NoBundle,0
Email,NoBundle,0
Email,NoBundle,0
Email,NoBundle,0
Email,NoBundle,0
Email,NoBundle,0
Email,NoBundle,0
Email,NoBundle,0
Email,NoBundle,0
Email,NoBundle,0
Email,NoBundle,0
Email,NoBundle,0
Email,NoBundle,0
Email,NoBundle,0
Email,NoBundle,0
Email,NoBundle,0
Email,NoBundle,0
Email,NoBundle,0
Email,NoBundle,0
Email,NoBundle,0
Email,NoBundle,0
Email,NoBundle,0
Email,NoBundle,0
Email,NoBundle,0
Email,NoBundle,0
Email,NoBundle,0
Email,NoBundle,0
Email,NoBundle,0
Email,NoBundle,0
Email,NoBundle,0
Email,NoBundle,0
Email,NoBundle,0
Email,NoBundle,0
Email,NoBundle,0
Email,NoBundle,0
Email,NoBundle,0
Email,NoBundle,0
Email,NoBundle,0
Email,NoBundle,0
Email,NoBundle,0
Email,NoBundle,0
Email,NoBundle,0
Email,NoBundle,0
Email,NoBundle,0
Email,NoBundle,0
Email,NoBundle,0
Email,NoBundle,0
Email,NoBundle,0
Email,NoBundle,0
Email,NoBundle,0
Email,NoBundle,0
Email,NoBundle,0
Email,NoBundle,0
Email,NoBundle,0
Email,NoBundle,0
Email,NoBundle,0
Email,NoBundle,0
Email,NoBundle,0
Email,NoBundle,0
Email,NoBundle,0
Email,NoBundle,0
Email,NoBundle,0
Email,NoBundle,0
Email,NoBundle,0
Email,NoBundle,0
Email,NoBundle,0
Email,NoBundle,0
Email,NoBundle,0
Email,NoBundle,0
Email,NoBundle,0
Email,NoBundle,0
Email,NoBundle,0
Email,NoBundle,0
Email,NoBundle,0
Email,NoBundle,0
Email,NoBundle,0
Email,NoBundle,0
Email,NoBundle,0
Email,NoBundle,0
Email,NoBundle,0
Email,NoBundle,0
Email,NoBundle,0
Email,NoBundle,0
Email,NoBundle,0
Email,NoBundle,0
Email,NoBundle,0
Email,NoBundle,0
Email,NoBundle,0
Email,NoBundle,0
Email,NoBundle,0
Email,NoBundle,0
Email,NoBundle,0
Email,NoBundle,0
Email,NoBundle,0
Email,NoBundle,0
Email,NoBundle,0
Email,NoBundle,0
Email,NoBundle,0
Email,NoBundle,0
Email,NoBundle,0
Email,NoBundle,0
Email,NoBundle,0
Email,NoBundle,0
Email,NoBundle,0
Email,NoBundle,0
Email,NoBundle,0
Email,NoBundle,0
Email,NoBundle,0
Email,NoBundle,0
Email,NoBundle,0
Email,NoBundle,0
Email,NoBundle,0
Email,NoBundle,0
Email,NoBundle,0
Email,NoBundle,0
Email,NoBundle,0
